-- phpMyAdmin SQL Dump
-- version 5.2.0
-- https://www.phpmyadmin.net/
--
-- Host: 127.0.0.1
-- Waktu pembuatan: 09 Des 2022 pada 04.36
-- Versi server: 10.4.25-MariaDB
-- Versi PHP: 7.4.30

SET SQL_MODE = "NO_AUTO_VALUE_ON_ZERO";
START TRANSACTION;
SET time_zone = "+00:00";


/*!40101 SET @OLD_CHARACTER_SET_CLIENT=@@CHARACTER_SET_CLIENT */;
/*!40101 SET @OLD_CHARACTER_SET_RESULTS=@@CHARACTER_SET_RESULTS */;
/*!40101 SET @OLD_COLLATION_CONNECTION=@@COLLATION_CONNECTION */;
/*!40101 SET NAMES utf8mb4 */;

--
-- Database: `final_project`
--

-- --------------------------------------------------------

--
-- Struktur dari tabel `content_course`
--

CREATE TABLE `content_course` (
  `id` int(11) NOT NULL,
  `id_course_section` int(11) DEFAULT NULL,
  `link` text DEFAULT NULL,
  `type` enum('video','image') DEFAULT NULL,
  `createdAt` datetime DEFAULT NULL,
  `updatedAt` datetime DEFAULT NULL,
  `deletedAt` datetime DEFAULT NULL
) ENGINE=InnoDB DEFAULT CHARSET=utf8mb4;

--
-- Dumping data untuk tabel `content_course`
--

INSERT INTO `content_course` (`id`, `id_course_section`, `link`, `type`, `createdAt`, `updatedAt`, `deletedAt`) VALUES
(1, 1, 'link1', 'video', '2022-11-30 12:46:38', '2022-11-30 12:46:38', NULL),
(2, 2, 'link2', 'image', '2022-11-30 12:46:38', '2022-11-30 12:46:38', NULL),
(3, 3, '[', '', '2022-12-01 12:39:51', '2022-12-01 12:39:51', NULL),
(4, 4, '\"', '', '2022-12-01 12:39:51', '2022-12-01 12:39:51', NULL),
(5, 5, 'h', '', '2022-12-01 12:39:51', '2022-12-01 12:39:51', NULL),
(6, 6, 't', '', '2022-12-01 12:39:51', '2022-12-01 12:39:51', NULL),
(7, 7, 't', '', '2022-12-01 12:39:51', '2022-12-01 12:39:51', NULL),
(8, 8, 'p', '', '2022-12-01 12:39:51', '2022-12-01 12:39:51', NULL),
(9, 9, 's', '', '2022-12-01 12:39:51', '2022-12-01 12:39:51', NULL),
(10, 10, ':', '', '2022-12-01 12:39:51', '2022-12-01 12:39:51', NULL),
(11, 11, '/', '', '2022-12-01 12:39:51', '2022-12-01 12:39:51', NULL),
(12, 12, '/', '', '2022-12-01 12:39:51', '2022-12-01 12:39:51', NULL),
(13, 13, 'i', '', '2022-12-01 12:39:51', '2022-12-01 12:39:51', NULL),
(14, 14, '.', '', '2022-12-01 12:39:51', '2022-12-01 12:39:51', NULL),
(15, 15, 'i', '', '2022-12-01 12:39:51', '2022-12-01 12:39:51', NULL),
(16, 16, 'b', '', '2022-12-01 12:39:51', '2022-12-01 12:39:51', NULL),
(17, 17, 'b', '', '2022-12-01 12:39:51', '2022-12-01 12:39:51', NULL),
(18, 18, '.', '', '2022-12-01 12:39:51', '2022-12-01 12:39:51', NULL),
(19, 19, 'c', '', '2022-12-01 12:39:51', '2022-12-01 12:39:51', NULL),
(20, 20, 'o', '', '2022-12-01 12:39:51', '2022-12-01 12:39:51', NULL),
(21, 21, '/', '', '2022-12-01 12:39:51', '2022-12-01 12:39:51', NULL),
(22, 22, 'V', '', '2022-12-01 12:39:51', '2022-12-01 12:39:51', NULL),
(23, 23, 'H', '', '2022-12-01 12:39:51', '2022-12-01 12:39:51', NULL),
(24, 24, '2', '', '2022-12-01 12:39:51', '2022-12-01 12:39:51', NULL),
(25, 25, 'r', '', '2022-12-01 12:39:51', '2022-12-01 12:39:51', NULL),
(26, 26, 'V', '', '2022-12-01 12:39:51', '2022-12-01 12:39:51', NULL),
(27, 27, 'h', '', '2022-12-01 12:39:51', '2022-12-01 12:39:51', NULL),
(28, 28, 'N', '', '2022-12-01 12:39:51', '2022-12-01 12:39:51', NULL),
(29, 29, '/', '', '2022-12-01 12:39:51', '2022-12-01 12:39:51', NULL),
(30, 30, 'i', '', '2022-12-01 12:39:51', '2022-12-01 12:39:51', NULL),
(31, 31, 'm', '', '2022-12-01 12:39:51', '2022-12-01 12:39:51', NULL),
(32, 32, 'a', '', '2022-12-01 12:39:51', '2022-12-01 12:39:51', NULL),
(33, 33, 'g', '', '2022-12-01 12:39:51', '2022-12-01 12:39:51', NULL),
(34, 34, 'e', '', '2022-12-01 12:39:51', '2022-12-01 12:39:51', NULL),
(35, 35, '-', '', '2022-12-01 12:39:51', '2022-12-01 12:39:51', NULL),
(36, 36, '5', '', '2022-12-01 12:39:51', '2022-12-01 12:39:51', NULL),
(37, 37, '8', '', '2022-12-01 12:39:51', '2022-12-01 12:39:51', NULL),
(38, 38, '.', '', '2022-12-01 12:39:51', '2022-12-01 12:39:51', NULL),
(39, 39, 'p', '', '2022-12-01 12:39:51', '2022-12-01 12:39:51', NULL),
(40, 40, 'n', '', '2022-12-01 12:39:51', '2022-12-01 12:39:51', NULL),
(41, 41, 'g', '', '2022-12-01 12:39:51', '2022-12-01 12:39:51', NULL),
(42, 42, '\"', '', '2022-12-01 12:39:51', '2022-12-01 12:39:51', NULL),
(43, 43, ',', '', '2022-12-01 12:39:51', '2022-12-01 12:39:51', NULL),
(44, 44, '\"', '', '2022-12-01 12:39:51', '2022-12-01 12:39:51', NULL),
(45, 45, 'h', '', '2022-12-01 12:39:51', '2022-12-01 12:39:51', NULL),
(46, 46, 't', '', '2022-12-01 12:39:51', '2022-12-01 12:39:51', NULL),
(47, 47, 't', '', '2022-12-01 12:39:51', '2022-12-01 12:39:51', NULL),
(48, 48, 'p', '', '2022-12-01 12:39:51', '2022-12-01 12:39:51', NULL),
(49, 49, 's', '', '2022-12-01 12:39:51', '2022-12-01 12:39:51', NULL),
(50, 50, ':', '', '2022-12-01 12:39:51', '2022-12-01 12:39:51', NULL),
(51, 51, '/', '', '2022-12-01 12:39:51', '2022-12-01 12:39:51', NULL),
(52, 52, '/', '', '2022-12-01 12:39:51', '2022-12-01 12:39:51', NULL),
(53, 53, 'i', '', '2022-12-01 12:39:51', '2022-12-01 12:39:51', NULL),
(54, 54, '.', '', '2022-12-01 12:39:51', '2022-12-01 12:39:51', NULL),
(55, 55, 'i', NULL, '2022-12-01 12:39:51', '2022-12-01 12:39:51', NULL),
(56, 56, 'b', NULL, '2022-12-01 12:39:51', '2022-12-01 12:39:51', NULL),
(57, 57, 'b', NULL, '2022-12-01 12:39:51', '2022-12-01 12:39:51', NULL),
(58, 58, '.', NULL, '2022-12-01 12:39:51', '2022-12-01 12:39:51', NULL),
(59, 59, 'c', NULL, '2022-12-01 12:39:51', '2022-12-01 12:39:51', NULL),
(60, 60, 'o', NULL, '2022-12-01 12:39:51', '2022-12-01 12:39:51', NULL),
(61, 61, '/', NULL, '2022-12-01 12:39:51', '2022-12-01 12:39:51', NULL),
(62, 62, 'V', NULL, '2022-12-01 12:39:51', '2022-12-01 12:39:51', NULL),
(63, 63, 'H', NULL, '2022-12-01 12:39:51', '2022-12-01 12:39:51', NULL),
(64, 64, '2', NULL, '2022-12-01 12:39:51', '2022-12-01 12:39:51', NULL),
(65, 65, 'r', NULL, '2022-12-01 12:39:51', '2022-12-01 12:39:51', NULL),
(66, 66, 'V', NULL, '2022-12-01 12:39:51', '2022-12-01 12:39:51', NULL),
(67, 67, 'h', NULL, '2022-12-01 12:39:51', '2022-12-01 12:39:51', NULL),
(68, 68, 'N', NULL, '2022-12-01 12:39:51', '2022-12-01 12:39:51', NULL),
(69, 69, '/', NULL, '2022-12-01 12:39:51', '2022-12-01 12:39:51', NULL),
(70, 70, 'i', NULL, '2022-12-01 12:39:51', '2022-12-01 12:39:51', NULL),
(71, 71, 'm', NULL, '2022-12-01 12:39:51', '2022-12-01 12:39:51', NULL),
(72, 72, 'a', NULL, '2022-12-01 12:39:51', '2022-12-01 12:39:51', NULL),
(73, 73, 'g', NULL, '2022-12-01 12:39:51', '2022-12-01 12:39:51', NULL),
(74, 74, 'e', NULL, '2022-12-01 12:39:51', '2022-12-01 12:39:51', NULL),
(75, 75, '-', NULL, '2022-12-01 12:39:51', '2022-12-01 12:39:51', NULL),
(76, 76, '5', NULL, '2022-12-01 12:39:51', '2022-12-01 12:39:51', NULL),
(77, 77, '8', NULL, '2022-12-01 12:39:51', '2022-12-01 12:39:51', NULL),
(78, 78, '.', NULL, '2022-12-01 12:39:51', '2022-12-01 12:39:51', NULL),
(79, 79, 'p', NULL, '2022-12-01 12:39:51', '2022-12-01 12:39:51', NULL),
(80, 80, 'n', NULL, '2022-12-01 12:39:51', '2022-12-01 12:39:51', NULL),
(81, 81, 'g', NULL, '2022-12-01 12:39:51', '2022-12-01 12:39:51', NULL),
(82, 82, '\"', NULL, '2022-12-01 12:39:51', '2022-12-01 12:39:51', NULL),
(83, 83, ',', NULL, '2022-12-01 12:39:51', '2022-12-01 12:39:51', NULL),
(84, 84, '\"', NULL, '2022-12-01 12:39:51', '2022-12-01 12:39:51', NULL),
(85, 85, 'h', NULL, '2022-12-01 12:39:51', '2022-12-01 12:39:51', NULL),
(86, 86, 't', NULL, '2022-12-01 12:39:51', '2022-12-01 12:39:51', NULL),
(87, 87, 't', NULL, '2022-12-01 12:39:51', '2022-12-01 12:39:51', NULL),
(88, 88, 'p', NULL, '2022-12-01 12:39:51', '2022-12-01 12:39:51', NULL),
(89, 89, 's', NULL, '2022-12-01 12:39:51', '2022-12-01 12:39:51', NULL),
(90, 90, ':', NULL, '2022-12-01 12:39:51', '2022-12-01 12:39:51', NULL),
(91, 91, '/', NULL, '2022-12-01 12:39:51', '2022-12-01 12:39:51', NULL),
(92, 92, '/', NULL, '2022-12-01 12:39:51', '2022-12-01 12:39:51', NULL),
(93, 93, 'i', NULL, '2022-12-01 12:39:51', '2022-12-01 12:39:51', NULL),
(94, 94, '.', NULL, '2022-12-01 12:39:51', '2022-12-01 12:39:51', NULL),
(95, 95, 'i', NULL, '2022-12-01 12:39:51', '2022-12-01 12:39:51', NULL),
(96, 96, 'b', NULL, '2022-12-01 12:39:51', '2022-12-01 12:39:51', NULL),
(97, 97, 'b', NULL, '2022-12-01 12:39:51', '2022-12-01 12:39:51', NULL),
(98, 98, '.', NULL, '2022-12-01 12:39:51', '2022-12-01 12:39:51', NULL),
(99, 99, 'c', NULL, '2022-12-01 12:39:51', '2022-12-01 12:39:51', NULL),
(100, 100, 'o', NULL, '2022-12-01 12:39:51', '2022-12-01 12:39:51', NULL),
(101, 101, '/', NULL, '2022-12-01 12:39:51', '2022-12-01 12:39:51', NULL),
(102, 102, 'V', NULL, '2022-12-01 12:39:51', '2022-12-01 12:39:51', NULL),
(103, 103, 'H', NULL, '2022-12-01 12:39:51', '2022-12-01 12:39:51', NULL),
(104, 104, '2', NULL, '2022-12-01 12:39:51', '2022-12-01 12:39:51', NULL),
(105, 105, 'r', NULL, '2022-12-01 12:39:51', '2022-12-01 12:39:51', NULL),
(106, 106, 'V', NULL, '2022-12-01 12:39:51', '2022-12-01 12:39:51', NULL),
(107, 107, 'h', NULL, '2022-12-01 12:39:51', '2022-12-01 12:39:51', NULL),
(108, 108, 'N', NULL, '2022-12-01 12:39:51', '2022-12-01 12:39:51', NULL),
(109, 109, '/', NULL, '2022-12-01 12:39:51', '2022-12-01 12:39:51', NULL),
(110, 110, 'i', NULL, '2022-12-01 12:39:51', '2022-12-01 12:39:51', NULL),
(111, 111, 'm', NULL, '2022-12-01 12:39:51', '2022-12-01 12:39:51', NULL),
(112, 112, 'a', NULL, '2022-12-01 12:39:51', '2022-12-01 12:39:51', NULL),
(113, 113, 'g', NULL, '2022-12-01 12:39:51', '2022-12-01 12:39:51', NULL),
(114, 114, 'e', NULL, '2022-12-01 12:39:51', '2022-12-01 12:39:51', NULL),
(115, 115, '-', NULL, '2022-12-01 12:39:51', '2022-12-01 12:39:51', NULL),
(116, 116, '5', NULL, '2022-12-01 12:39:51', '2022-12-01 12:39:51', NULL),
(117, 117, '8', NULL, '2022-12-01 12:39:51', '2022-12-01 12:39:51', NULL),
(118, 118, '.', NULL, '2022-12-01 12:39:51', '2022-12-01 12:39:51', NULL),
(119, 119, 'p', NULL, '2022-12-01 12:39:51', '2022-12-01 12:39:51', NULL),
(120, 120, 'n', NULL, '2022-12-01 12:39:51', '2022-12-01 12:39:51', NULL),
(121, 121, 'g', NULL, '2022-12-01 12:39:51', '2022-12-01 12:39:51', NULL),
(122, 122, '\"', NULL, '2022-12-01 12:39:51', '2022-12-01 12:39:51', NULL),
(123, 123, ',', NULL, '2022-12-01 12:39:51', '2022-12-01 12:39:51', NULL),
(124, 124, '\"', NULL, '2022-12-01 12:39:51', '2022-12-01 12:39:51', NULL),
(125, 125, 'h', NULL, '2022-12-01 12:39:51', '2022-12-01 12:39:51', NULL),
(126, 126, 't', NULL, '2022-12-01 12:39:51', '2022-12-01 12:39:51', NULL),
(127, 127, 't', NULL, '2022-12-01 12:39:51', '2022-12-01 12:39:51', NULL),
(128, 128, 'p', NULL, '2022-12-01 12:39:51', '2022-12-01 12:39:51', NULL),
(129, 129, 's', NULL, '2022-12-01 12:39:51', '2022-12-01 12:39:51', NULL),
(130, 130, ':', NULL, '2022-12-01 12:39:51', '2022-12-01 12:39:51', NULL),
(131, 131, '/', NULL, '2022-12-01 12:39:51', '2022-12-01 12:39:51', NULL),
(132, 132, '/', NULL, '2022-12-01 12:39:51', '2022-12-01 12:39:51', NULL),
(133, 133, 'i', NULL, '2022-12-01 12:39:51', '2022-12-01 12:39:51', NULL),
(134, 134, '.', NULL, '2022-12-01 12:39:51', '2022-12-01 12:39:51', NULL),
(135, 135, 'i', NULL, '2022-12-01 12:39:51', '2022-12-01 12:39:51', NULL),
(136, 136, 'b', NULL, '2022-12-01 12:39:51', '2022-12-01 12:39:51', NULL),
(137, 137, 'b', NULL, '2022-12-01 12:39:51', '2022-12-01 12:39:51', NULL),
(138, 138, '.', NULL, '2022-12-01 12:39:51', '2022-12-01 12:39:51', NULL),
(139, 139, 'c', NULL, '2022-12-01 12:39:51', '2022-12-01 12:39:51', NULL),
(140, 140, 'o', NULL, '2022-12-01 12:39:51', '2022-12-01 12:39:51', NULL),
(141, 141, '/', NULL, '2022-12-01 12:39:51', '2022-12-01 12:39:51', NULL),
(142, 142, 'V', NULL, '2022-12-01 12:39:51', '2022-12-01 12:39:51', NULL),
(143, 143, 'H', NULL, '2022-12-01 12:39:51', '2022-12-01 12:39:51', NULL),
(144, 144, '2', NULL, '2022-12-01 12:39:51', '2022-12-01 12:39:51', NULL),
(145, 145, 'r', NULL, '2022-12-01 12:39:51', '2022-12-01 12:39:51', NULL),
(146, 146, 'V', NULL, '2022-12-01 12:39:51', '2022-12-01 12:39:51', NULL),
(147, 147, 'h', NULL, '2022-12-01 12:39:51', '2022-12-01 12:39:51', NULL),
(148, 148, 'N', NULL, '2022-12-01 12:39:51', '2022-12-01 12:39:51', NULL),
(149, 149, '/', NULL, '2022-12-01 12:39:51', '2022-12-01 12:39:51', NULL),
(150, 150, 'i', NULL, '2022-12-01 12:39:51', '2022-12-01 12:39:51', NULL),
(151, 151, 'm', NULL, '2022-12-01 12:39:51', '2022-12-01 12:39:51', NULL),
(152, 152, 'a', NULL, '2022-12-01 12:39:51', '2022-12-01 12:39:51', NULL),
(153, 153, 'g', NULL, '2022-12-01 12:39:51', '2022-12-01 12:39:51', NULL),
(154, 154, 'e', NULL, '2022-12-01 12:39:51', '2022-12-01 12:39:51', NULL),
(155, 155, '-', NULL, '2022-12-01 12:39:51', '2022-12-01 12:39:51', NULL),
(156, 156, '5', NULL, '2022-12-01 12:39:51', '2022-12-01 12:39:51', NULL),
(157, 157, '8', NULL, '2022-12-01 12:39:51', '2022-12-01 12:39:51', NULL),
(158, 158, '.', NULL, '2022-12-01 12:39:51', '2022-12-01 12:39:51', NULL),
(159, 159, 'p', NULL, '2022-12-01 12:39:51', '2022-12-01 12:39:51', NULL),
(160, 160, 'n', NULL, '2022-12-01 12:39:51', '2022-12-01 12:39:51', NULL),
(161, 161, 'g', NULL, '2022-12-01 12:39:51', '2022-12-01 12:39:51', NULL),
(162, 162, '\"', NULL, '2022-12-01 12:39:51', '2022-12-01 12:39:51', NULL),
(163, 163, ',', NULL, '2022-12-01 12:39:51', '2022-12-01 12:39:51', NULL),
(164, 164, '\"', NULL, '2022-12-01 12:39:51', '2022-12-01 12:39:51', NULL),
(165, 165, 'h', NULL, '2022-12-01 12:39:51', '2022-12-01 12:39:51', NULL),
(166, 166, 't', NULL, '2022-12-01 12:39:51', '2022-12-01 12:39:51', NULL),
(167, 167, 't', NULL, '2022-12-01 12:39:51', '2022-12-01 12:39:51', NULL),
(168, 168, 'p', NULL, '2022-12-01 12:39:51', '2022-12-01 12:39:51', NULL),
(169, 169, 's', NULL, '2022-12-01 12:39:51', '2022-12-01 12:39:51', NULL),
(170, 170, ':', NULL, '2022-12-01 12:39:51', '2022-12-01 12:39:51', NULL),
(171, 171, '/', NULL, '2022-12-01 12:39:51', '2022-12-01 12:39:51', NULL),
(172, 172, '/', NULL, '2022-12-01 12:39:51', '2022-12-01 12:39:51', NULL),
(173, 173, 'i', NULL, '2022-12-01 12:39:52', '2022-12-01 12:39:52', NULL),
(174, 174, '.', NULL, '2022-12-01 12:39:52', '2022-12-01 12:39:52', NULL),
(175, 175, 'i', NULL, '2022-12-01 12:39:52', '2022-12-01 12:39:52', NULL),
(176, 176, 'b', NULL, '2022-12-01 12:39:52', '2022-12-01 12:39:52', NULL),
(177, 177, 'b', NULL, '2022-12-01 12:39:52', '2022-12-01 12:39:52', NULL),
(178, 178, '.', NULL, '2022-12-01 12:39:52', '2022-12-01 12:39:52', NULL),
(179, 179, 'c', NULL, '2022-12-01 12:39:52', '2022-12-01 12:39:52', NULL),
(180, 180, 'o', NULL, '2022-12-01 12:39:52', '2022-12-01 12:39:52', NULL),
(181, 181, '/', NULL, '2022-12-01 12:39:52', '2022-12-01 12:39:52', NULL),
(182, 182, 'V', NULL, '2022-12-01 12:39:52', '2022-12-01 12:39:52', NULL),
(183, 183, 'H', NULL, '2022-12-01 12:39:52', '2022-12-01 12:39:52', NULL),
(184, 184, '2', NULL, '2022-12-01 12:39:52', '2022-12-01 12:39:52', NULL),
(185, 185, '[', '', '2022-12-01 12:50:29', '2022-12-01 12:50:29', NULL),
(186, 186, '\"', '', '2022-12-01 12:50:29', '2022-12-01 12:50:29', NULL),
(187, 187, 'h', '', '2022-12-01 12:50:29', '2022-12-01 12:50:29', NULL),
(188, 188, 't', '', '2022-12-01 12:50:29', '2022-12-01 12:50:29', NULL),
(189, 189, 't', '', '2022-12-01 12:50:29', '2022-12-01 12:50:29', NULL),
(190, 190, 'p', '', '2022-12-01 12:50:29', '2022-12-01 12:50:29', NULL),
(191, 191, 's', '', '2022-12-01 12:50:29', '2022-12-01 12:50:29', NULL),
(192, 192, ':', '', '2022-12-01 12:50:29', '2022-12-01 12:50:29', NULL),
(193, 193, '/', '', '2022-12-01 12:50:29', '2022-12-01 12:50:29', NULL),
(194, 194, '/', '', '2022-12-01 12:50:29', '2022-12-01 12:50:29', NULL),
(195, 195, 'i', '', '2022-12-01 12:50:29', '2022-12-01 12:50:29', NULL),
(196, 196, '.', '', '2022-12-01 12:50:29', '2022-12-01 12:50:29', NULL),
(197, 197, 'i', '', '2022-12-01 12:50:29', '2022-12-01 12:50:29', NULL),
(198, 198, 'b', '', '2022-12-01 12:50:29', '2022-12-01 12:50:29', NULL),
(199, 199, 'b', '', '2022-12-01 12:50:29', '2022-12-01 12:50:29', NULL),
(200, 200, '.', '', '2022-12-01 12:50:29', '2022-12-01 12:50:29', NULL),
(201, 201, 'c', '', '2022-12-01 12:50:29', '2022-12-01 12:50:29', NULL),
(202, 202, 'o', '', '2022-12-01 12:50:29', '2022-12-01 12:50:29', NULL),
(203, 203, '/', '', '2022-12-01 12:50:29', '2022-12-01 12:50:29', NULL),
(204, 204, 'V', '', '2022-12-01 12:50:29', '2022-12-01 12:50:29', NULL),
(205, 205, 'H', '', '2022-12-01 12:50:29', '2022-12-01 12:50:29', NULL),
(206, 206, '2', '', '2022-12-01 12:50:29', '2022-12-01 12:50:29', NULL),
(207, 207, 'r', '', '2022-12-01 12:50:29', '2022-12-01 12:50:29', NULL),
(208, 208, 'V', '', '2022-12-01 12:50:29', '2022-12-01 12:50:29', NULL),
(209, 209, 'h', '', '2022-12-01 12:50:29', '2022-12-01 12:50:29', NULL),
(210, 210, 'N', '', '2022-12-01 12:50:29', '2022-12-01 12:50:29', NULL),
(211, 211, '/', '', '2022-12-01 12:50:29', '2022-12-01 12:50:29', NULL),
(212, 212, 'i', '', '2022-12-01 12:50:29', '2022-12-01 12:50:29', NULL),
(213, 213, 'm', '', '2022-12-01 12:50:29', '2022-12-01 12:50:29', NULL),
(214, 214, 'a', '', '2022-12-01 12:50:29', '2022-12-01 12:50:29', NULL),
(215, 215, 'g', '', '2022-12-01 12:50:29', '2022-12-01 12:50:29', NULL),
(216, 216, 'e', '', '2022-12-01 12:50:29', '2022-12-01 12:50:29', NULL),
(217, 217, '-', '', '2022-12-01 12:50:29', '2022-12-01 12:50:29', NULL),
(218, 218, '5', '', '2022-12-01 12:50:29', '2022-12-01 12:50:29', NULL),
(219, 219, '8', '', '2022-12-01 12:50:29', '2022-12-01 12:50:29', NULL),
(220, 220, '.', '', '2022-12-01 12:50:29', '2022-12-01 12:50:29', NULL),
(221, 221, 'p', '', '2022-12-01 12:50:29', '2022-12-01 12:50:29', NULL),
(222, 222, 'n', '', '2022-12-01 12:50:29', '2022-12-01 12:50:29', NULL),
(223, 223, 'g', '', '2022-12-01 12:50:29', '2022-12-01 12:50:29', NULL),
(224, 224, '\"', '', '2022-12-01 12:50:29', '2022-12-01 12:50:29', NULL),
(225, 225, ',', '', '2022-12-01 12:50:29', '2022-12-01 12:50:29', NULL),
(226, 226, '\"', '', '2022-12-01 12:50:29', '2022-12-01 12:50:29', NULL),
(227, 227, 'h', NULL, '2022-12-01 12:50:29', '2022-12-01 12:50:29', NULL),
(228, 228, 't', NULL, '2022-12-01 12:50:29', '2022-12-01 12:50:29', NULL),
(229, 229, 't', NULL, '2022-12-01 12:50:29', '2022-12-01 12:50:29', NULL),
(230, 230, 'p', NULL, '2022-12-01 12:50:29', '2022-12-01 12:50:29', NULL),
(231, 231, 's', NULL, '2022-12-01 12:50:29', '2022-12-01 12:50:29', NULL),
(232, 232, ':', NULL, '2022-12-01 12:50:29', '2022-12-01 12:50:29', NULL),
(233, 233, '/', NULL, '2022-12-01 12:50:29', '2022-12-01 12:50:29', NULL),
(234, 234, '/', NULL, '2022-12-01 12:50:29', '2022-12-01 12:50:29', NULL),
(235, 235, 'i', NULL, '2022-12-01 12:50:29', '2022-12-01 12:50:29', NULL),
(236, 236, '.', NULL, '2022-12-01 12:50:29', '2022-12-01 12:50:29', NULL),
(237, 237, 'i', NULL, '2022-12-01 12:50:29', '2022-12-01 12:50:29', NULL),
(238, 238, 'b', NULL, '2022-12-01 12:50:29', '2022-12-01 12:50:29', NULL),
(239, 239, 'b', NULL, '2022-12-01 12:50:29', '2022-12-01 12:50:29', NULL),
(240, 240, '.', NULL, '2022-12-01 12:50:29', '2022-12-01 12:50:29', NULL),
(241, 241, 'c', NULL, '2022-12-01 12:50:29', '2022-12-01 12:50:29', NULL),
(242, 242, 'o', NULL, '2022-12-01 12:50:29', '2022-12-01 12:50:29', NULL),
(243, 243, '/', NULL, '2022-12-01 12:50:29', '2022-12-01 12:50:29', NULL),
(244, 244, 'V', NULL, '2022-12-01 12:50:29', '2022-12-01 12:50:29', NULL),
(245, 245, 'H', NULL, '2022-12-01 12:50:29', '2022-12-01 12:50:29', NULL),
(246, 246, '2', NULL, '2022-12-01 12:50:29', '2022-12-01 12:50:29', NULL),
(247, 247, 'r', NULL, '2022-12-01 12:50:29', '2022-12-01 12:50:29', NULL),
(248, 248, 'V', NULL, '2022-12-01 12:50:29', '2022-12-01 12:50:29', NULL),
(249, 249, 'h', NULL, '2022-12-01 12:50:29', '2022-12-01 12:50:29', NULL),
(250, 250, 'N', NULL, '2022-12-01 12:50:29', '2022-12-01 12:50:29', NULL),
(251, 251, '/', NULL, '2022-12-01 12:50:29', '2022-12-01 12:50:29', NULL),
(252, 252, 'i', NULL, '2022-12-01 12:50:29', '2022-12-01 12:50:29', NULL),
(253, 253, 'm', NULL, '2022-12-01 12:50:29', '2022-12-01 12:50:29', NULL),
(254, 254, 'a', NULL, '2022-12-01 12:50:29', '2022-12-01 12:50:29', NULL),
(255, 255, 'g', NULL, '2022-12-01 12:50:29', '2022-12-01 12:50:29', NULL),
(256, 256, 'e', NULL, '2022-12-01 12:50:29', '2022-12-01 12:50:29', NULL),
(257, 257, '-', NULL, '2022-12-01 12:50:29', '2022-12-01 12:50:29', NULL),
(258, 258, '5', NULL, '2022-12-01 12:50:29', '2022-12-01 12:50:29', NULL),
(259, 259, '8', NULL, '2022-12-01 12:50:29', '2022-12-01 12:50:29', NULL),
(260, 260, '.', NULL, '2022-12-01 12:50:29', '2022-12-01 12:50:29', NULL),
(261, 261, 'p', NULL, '2022-12-01 12:50:29', '2022-12-01 12:50:29', NULL),
(262, 262, 'n', NULL, '2022-12-01 12:50:29', '2022-12-01 12:50:29', NULL),
(263, 263, 'g', NULL, '2022-12-01 12:50:29', '2022-12-01 12:50:29', NULL),
(264, 264, '\"', NULL, '2022-12-01 12:50:29', '2022-12-01 12:50:29', NULL),
(265, 265, ',', NULL, '2022-12-01 12:50:29', '2022-12-01 12:50:29', NULL),
(266, 266, '\"', NULL, '2022-12-01 12:50:29', '2022-12-01 12:50:29', NULL),
(267, 267, 'h', NULL, '2022-12-01 12:50:29', '2022-12-01 12:50:29', NULL),
(268, 268, 't', NULL, '2022-12-01 12:50:29', '2022-12-01 12:50:29', NULL),
(269, 269, 't', NULL, '2022-12-01 12:50:29', '2022-12-01 12:50:29', NULL),
(270, 270, 'p', NULL, '2022-12-01 12:50:29', '2022-12-01 12:50:29', NULL),
(271, 271, 's', NULL, '2022-12-01 12:50:29', '2022-12-01 12:50:29', NULL),
(272, 272, ':', NULL, '2022-12-01 12:50:29', '2022-12-01 12:50:29', NULL),
(273, 273, '/', NULL, '2022-12-01 12:50:29', '2022-12-01 12:50:29', NULL),
(274, 274, '/', NULL, '2022-12-01 12:50:29', '2022-12-01 12:50:29', NULL),
(275, 275, 'i', NULL, '2022-12-01 12:50:29', '2022-12-01 12:50:29', NULL),
(276, 276, '.', NULL, '2022-12-01 12:50:29', '2022-12-01 12:50:29', NULL),
(277, 277, 'i', NULL, '2022-12-01 12:50:29', '2022-12-01 12:50:29', NULL),
(278, 278, 'b', NULL, '2022-12-01 12:50:30', '2022-12-01 12:50:30', NULL),
(279, 279, 'b', NULL, '2022-12-01 12:50:30', '2022-12-01 12:50:30', NULL),
(280, 280, '.', NULL, '2022-12-01 12:50:30', '2022-12-01 12:50:30', NULL),
(281, 281, 'c', NULL, '2022-12-01 12:50:30', '2022-12-01 12:50:30', NULL),
(282, 282, 'o', NULL, '2022-12-01 12:50:30', '2022-12-01 12:50:30', NULL),
(283, 283, '/', NULL, '2022-12-01 12:50:30', '2022-12-01 12:50:30', NULL),
(284, 284, 'V', NULL, '2022-12-01 12:50:30', '2022-12-01 12:50:30', NULL),
(285, 285, 'H', NULL, '2022-12-01 12:50:30', '2022-12-01 12:50:30', NULL),
(286, 286, '2', NULL, '2022-12-01 12:50:30', '2022-12-01 12:50:30', NULL),
(287, 287, 'r', NULL, '2022-12-01 12:50:30', '2022-12-01 12:50:30', NULL),
(288, 288, 'V', NULL, '2022-12-01 12:50:30', '2022-12-01 12:50:30', NULL),
(289, 289, 'h', NULL, '2022-12-01 12:50:30', '2022-12-01 12:50:30', NULL),
(290, 290, 'N', NULL, '2022-12-01 12:50:30', '2022-12-01 12:50:30', NULL),
(291, 291, '/', NULL, '2022-12-01 12:50:30', '2022-12-01 12:50:30', NULL),
(292, 292, 'i', NULL, '2022-12-01 12:50:30', '2022-12-01 12:50:30', NULL),
(293, 293, 'm', NULL, '2022-12-01 12:50:30', '2022-12-01 12:50:30', NULL),
(294, 294, 'a', NULL, '2022-12-01 12:50:30', '2022-12-01 12:50:30', NULL),
(295, 295, 'g', NULL, '2022-12-01 12:50:30', '2022-12-01 12:50:30', NULL),
(296, 296, 'e', NULL, '2022-12-01 12:50:30', '2022-12-01 12:50:30', NULL),
(297, 297, '-', NULL, '2022-12-01 12:50:30', '2022-12-01 12:50:30', NULL),
(298, 298, '5', NULL, '2022-12-01 12:50:30', '2022-12-01 12:50:30', NULL),
(299, 299, '8', NULL, '2022-12-01 12:50:30', '2022-12-01 12:50:30', NULL),
(300, 300, '.', NULL, '2022-12-01 12:50:30', '2022-12-01 12:50:30', NULL),
(301, 301, 'p', NULL, '2022-12-01 12:50:30', '2022-12-01 12:50:30', NULL),
(302, 302, 'n', NULL, '2022-12-01 12:50:30', '2022-12-01 12:50:30', NULL),
(303, 303, 'g', NULL, '2022-12-01 12:50:30', '2022-12-01 12:50:30', NULL),
(304, 304, '\"', NULL, '2022-12-01 12:50:30', '2022-12-01 12:50:30', NULL),
(305, 305, ',', NULL, '2022-12-01 12:50:30', '2022-12-01 12:50:30', NULL),
(306, 306, '\"', NULL, '2022-12-01 12:50:30', '2022-12-01 12:50:30', NULL),
(307, 307, 'h', NULL, '2022-12-01 12:50:30', '2022-12-01 12:50:30', NULL),
(308, 308, 't', NULL, '2022-12-01 12:50:30', '2022-12-01 12:50:30', NULL),
(309, 309, 't', NULL, '2022-12-01 12:50:30', '2022-12-01 12:50:30', NULL),
(310, 310, 'p', NULL, '2022-12-01 12:50:30', '2022-12-01 12:50:30', NULL),
(311, 311, 's', NULL, '2022-12-01 12:50:30', '2022-12-01 12:50:30', NULL),
(312, 312, ':', NULL, '2022-12-01 12:50:30', '2022-12-01 12:50:30', NULL),
(313, 313, '/', NULL, '2022-12-01 12:50:30', '2022-12-01 12:50:30', NULL),
(314, 314, '/', NULL, '2022-12-01 12:50:30', '2022-12-01 12:50:30', NULL),
(315, 315, 'i', NULL, '2022-12-01 12:50:30', '2022-12-01 12:50:30', NULL),
(316, 316, '.', NULL, '2022-12-01 12:50:30', '2022-12-01 12:50:30', NULL),
(317, 317, 'i', NULL, '2022-12-01 12:50:30', '2022-12-01 12:50:30', NULL),
(318, 318, 'b', NULL, '2022-12-01 12:50:30', '2022-12-01 12:50:30', NULL),
(319, 319, 'b', NULL, '2022-12-01 12:50:30', '2022-12-01 12:50:30', NULL),
(320, 320, '.', NULL, '2022-12-01 12:50:30', '2022-12-01 12:50:30', NULL),
(321, 321, 'c', NULL, '2022-12-01 12:50:30', '2022-12-01 12:50:30', NULL),
(322, 322, 'o', NULL, '2022-12-01 12:50:30', '2022-12-01 12:50:30', NULL),
(323, 323, '/', NULL, '2022-12-01 12:50:30', '2022-12-01 12:50:30', NULL),
(324, 324, 'V', NULL, '2022-12-01 12:50:30', '2022-12-01 12:50:30', NULL),
(325, 325, 'H', NULL, '2022-12-01 12:50:30', '2022-12-01 12:50:30', NULL),
(326, 326, '2', NULL, '2022-12-01 12:50:30', '2022-12-01 12:50:30', NULL),
(327, 327, 'r', NULL, '2022-12-01 12:50:30', '2022-12-01 12:50:30', NULL),
(328, 328, 'V', NULL, '2022-12-01 12:50:30', '2022-12-01 12:50:30', NULL),
(329, 329, 'h', NULL, '2022-12-01 12:50:30', '2022-12-01 12:50:30', NULL),
(330, 330, 'N', NULL, '2022-12-01 12:50:30', '2022-12-01 12:50:30', NULL),
(331, 331, '/', NULL, '2022-12-01 12:50:30', '2022-12-01 12:50:30', NULL),
(332, 332, 'i', NULL, '2022-12-01 12:50:30', '2022-12-01 12:50:30', NULL),
(333, 333, 'm', NULL, '2022-12-01 12:50:30', '2022-12-01 12:50:30', NULL),
(334, 334, 'a', NULL, '2022-12-01 12:50:30', '2022-12-01 12:50:30', NULL),
(335, 335, 'g', NULL, '2022-12-01 12:50:30', '2022-12-01 12:50:30', NULL),
(336, 336, 'e', NULL, '2022-12-01 12:50:30', '2022-12-01 12:50:30', NULL),
(337, 337, '-', NULL, '2022-12-01 12:50:30', '2022-12-01 12:50:30', NULL),
(338, 338, '5', NULL, '2022-12-01 12:50:30', '2022-12-01 12:50:30', NULL),
(339, 339, '8', NULL, '2022-12-01 12:50:30', '2022-12-01 12:50:30', NULL),
(340, 340, '.', NULL, '2022-12-01 12:50:30', '2022-12-01 12:50:30', NULL),
(341, 341, 'p', NULL, '2022-12-01 12:50:30', '2022-12-01 12:50:30', NULL),
(342, 342, 'n', NULL, '2022-12-01 12:50:30', '2022-12-01 12:50:30', NULL),
(343, 343, 'g', NULL, '2022-12-01 12:50:30', '2022-12-01 12:50:30', NULL),
(344, 344, '\"', NULL, '2022-12-01 12:50:30', '2022-12-01 12:50:30', NULL),
(345, 345, ',', NULL, '2022-12-01 12:50:30', '2022-12-01 12:50:30', NULL),
(346, 346, '\"', NULL, '2022-12-01 12:50:30', '2022-12-01 12:50:30', NULL),
(347, 347, 'h', NULL, '2022-12-01 12:50:30', '2022-12-01 12:50:30', NULL),
(348, 348, 't', NULL, '2022-12-01 12:50:30', '2022-12-01 12:50:30', NULL),
(349, 349, 't', NULL, '2022-12-01 12:50:30', '2022-12-01 12:50:30', NULL),
(350, 350, 'p', NULL, '2022-12-01 12:50:30', '2022-12-01 12:50:30', NULL),
(351, 351, 's', NULL, '2022-12-01 12:50:30', '2022-12-01 12:50:30', NULL),
(352, 352, ':', NULL, '2022-12-01 12:50:30', '2022-12-01 12:50:30', NULL),
(353, 353, '/', NULL, '2022-12-01 12:50:30', '2022-12-01 12:50:30', NULL),
(354, 354, '/', NULL, '2022-12-01 12:50:30', '2022-12-01 12:50:30', NULL),
(355, 355, 'i', NULL, '2022-12-01 12:50:30', '2022-12-01 12:50:30', NULL),
(356, 356, '.', NULL, '2022-12-01 12:50:30', '2022-12-01 12:50:30', NULL),
(357, 357, 'i', NULL, '2022-12-01 12:50:30', '2022-12-01 12:50:30', NULL),
(358, 358, 'b', NULL, '2022-12-01 12:50:30', '2022-12-01 12:50:30', NULL),
(359, 359, 'b', NULL, '2022-12-01 12:50:30', '2022-12-01 12:50:30', NULL),
(360, 360, '.', NULL, '2022-12-01 12:50:30', '2022-12-01 12:50:30', NULL),
(361, 361, 'c', NULL, '2022-12-01 12:50:30', '2022-12-01 12:50:30', NULL),
(362, 362, 'o', NULL, '2022-12-01 12:50:30', '2022-12-01 12:50:30', NULL),
(363, 363, '/', NULL, '2022-12-01 12:50:30', '2022-12-01 12:50:30', NULL),
(364, 364, 'V', NULL, '2022-12-01 12:50:30', '2022-12-01 12:50:30', NULL),
(365, 365, 'H', NULL, '2022-12-01 12:50:30', '2022-12-01 12:50:30', NULL),
(366, 366, '2', NULL, '2022-12-01 12:50:30', '2022-12-01 12:50:30', NULL);

-- --------------------------------------------------------

--
-- Struktur dari tabel `course`
--

CREATE TABLE `course` (
  `id` int(11) NOT NULL,
  `id_kategori` int(11) DEFAULT NULL,
  `id_sub_kategori` int(11) DEFAULT NULL,
  `nama` varchar(255) DEFAULT NULL,
  `thumbnail` text DEFAULT NULL,
  `created_by` varchar(255) DEFAULT NULL,
  `url` varchar(255) DEFAULT NULL,
  `createdAt` datetime DEFAULT NULL,
  `updatedAt` datetime DEFAULT NULL,
  `deletedAt` datetime DEFAULT NULL
) ENGINE=InnoDB DEFAULT CHARSET=utf8mb4;

--
-- Dumping data untuk tabel `course`
--

INSERT INTO `course` (`id`, `id_kategori`, `id_sub_kategori`, `nama`, `thumbnail`, `created_by`, `url`, `createdAt`, `updatedAt`, `deletedAt`) VALUES
(1, 4, 1, 'Trik Jitu Belajar Gitar ', 'thumbnail', 'riski', 'Trik-Jitu-Belajar-Gitar ', '2022-11-30 15:58:57', '1900-01-30 00:00:00', NULL),
(2, 4, 2, 'Teknik Dasar Memainkan Biola Dengan Mudah', 'asdad', 'riski', 'Teknik-Dasar-Memainkan-Biola-Dengan-Mudah', '2022-11-30 00:00:00', '1900-01-30 00:00:00', NULL),
(3, 4, 1, 'Teknik Dasar Gitar Untuk Pemula', 'asdada', 'riski', 'Teknik-Dasar-Gitar-Untuk-Pemula', '2022-11-30 16:00:02', '2022-11-30 00:00:00', NULL),
(4, 4, 1, 'kok bisa', NULL, 'asdada', 'kok-bisa', '2022-11-30 12:46:38', '2022-11-30 12:46:38', NULL),
(5, 4, 1, 'Cara Memahami Dasar Dasar Gitar Ritmis', 'https://i.ibb.co/pPwDsvw/images-1.png', 'Luthfi', 'Cara-Memahami-Dasar-Dasar-Gitar-Ritmis', '2022-12-01 12:39:51', '2022-12-01 12:39:51', NULL),
(6, 4, 2, 'Cara Memahami Dasar Dasar Gitar Ritmis', 'https://i.ibb.co/pPwDsvw/images-1.png', 'Luthfi', 'Cara-Memahami-Dasar-Dasar-Gitar-Ritmis', '2022-12-01 12:50:29', '2022-12-01 12:50:29', NULL);

-- --------------------------------------------------------

--
-- Struktur dari tabel `course_section`
--

CREATE TABLE `course_section` (
  `id` int(11) NOT NULL,
  `id_course` int(11) DEFAULT NULL,
  `title` varchar(255) DEFAULT NULL,
  `deskripsi` text DEFAULT NULL,
  `createdAt` datetime DEFAULT NULL,
  `updatedAt` datetime DEFAULT NULL,
  `deletedAt` datetime DEFAULT NULL
) ENGINE=InnoDB DEFAULT CHARSET=utf8mb4;

--
-- Dumping data untuk tabel `course_section`
--

INSERT INTO `course_section` (`id`, `id_course`, `title`, `deskripsi`, `createdAt`, `updatedAt`, `deletedAt`) VALUES
(1, 4, 'Menghilangkan Partikel Besar', 'Saring air. Untuk air yang telah terkontaminasi partikel berukuran besar seperti batu kerikil, serangga, potongan tanaman, ataupun lumpur, Anda bisa menyaring', '2022-11-30 12:46:38', '2022-11-30 12:46:38', NULL),
(2, 4, 'enggunakan Bahan Kimia', 'Anda juga bisa membuat filter air sendiri untuk menghilangkan endapan berukuran besar dari air. Anda membutuhkan beberapa peralatan, tetapi Anda juga bisa menggunakan alternatif penggantinya jika perlu, yang meliputi:', '2022-11-30 12:46:38', '2022-11-30 12:46:38', NULL),
(3, 5, '[', '[', '2022-12-01 12:39:51', '2022-12-01 12:39:51', NULL),
(4, 5, '\"', '\"', '2022-12-01 12:39:51', '2022-12-01 12:39:51', NULL),
(5, 5, 'M', '&', '2022-12-01 12:39:51', '2022-12-01 12:39:51', NULL),
(6, 5, 'e', 'l', '2022-12-01 12:39:51', '2022-12-01 12:39:51', NULL),
(7, 5, 'm', 't', '2022-12-01 12:39:51', '2022-12-01 12:39:51', NULL),
(8, 5, 'a', ';', '2022-12-01 12:39:51', '2022-12-01 12:39:51', NULL),
(9, 5, 'i', 'p', '2022-12-01 12:39:51', '2022-12-01 12:39:51', NULL),
(10, 5, 'n', '&', '2022-12-01 12:39:51', '2022-12-01 12:39:51', NULL),
(11, 5, 'k', 'g', '2022-12-01 12:39:51', '2022-12-01 12:39:51', NULL),
(12, 5, 'a', 't', '2022-12-01 12:39:51', '2022-12-01 12:39:51', NULL),
(13, 5, 'n', ';', '2022-12-01 12:39:51', '2022-12-01 12:39:51', NULL),
(14, 5, ' ', '&', '2022-12-01 12:39:51', '2022-12-01 12:39:51', NULL),
(15, 5, 'P', 'l', '2022-12-01 12:39:51', '2022-12-01 12:39:51', NULL),
(16, 5, 'o', 't', '2022-12-01 12:39:51', '2022-12-01 12:39:51', NULL),
(17, 5, 'w', ';', '2022-12-01 12:39:51', '2022-12-01 12:39:51', NULL),
(18, 5, 'e', 'a', '2022-12-01 12:39:51', '2022-12-01 12:39:51', NULL),
(19, 5, 'r', ' ', '2022-12-01 12:39:51', '2022-12-01 12:39:51', NULL),
(20, 5, ' ', 'h', '2022-12-01 12:39:51', '2022-12-01 12:39:51', NULL),
(21, 5, 'C', 'r', '2022-12-01 12:39:51', '2022-12-01 12:39:51', NULL),
(22, 5, 'h', 'e', '2022-12-01 12:39:51', '2022-12-01 12:39:51', NULL),
(23, 5, 'o', 'f', '2022-12-01 12:39:51', '2022-12-01 12:39:51', NULL),
(24, 5, 'r', '=', '2022-12-01 12:39:51', '2022-12-01 12:39:51', NULL),
(25, 5, 'd', '&', '2022-12-01 12:39:51', '2022-12-01 12:39:51', NULL),
(26, 5, '\"', 'q', '2022-12-01 12:39:51', '2022-12-01 12:39:51', NULL),
(27, 5, ',', 'u', '2022-12-01 12:39:51', '2022-12-01 12:39:51', NULL),
(28, 5, '\"', 'o', '2022-12-01 12:39:51', '2022-12-01 12:39:51', NULL),
(29, 5, 'M', 't', '2022-12-01 12:39:51', '2022-12-01 12:39:51', NULL),
(30, 5, 'e', ';', '2022-12-01 12:39:51', '2022-12-01 12:39:51', NULL),
(31, 5, 'm', 'h', '2022-12-01 12:39:51', '2022-12-01 12:39:51', NULL),
(32, 5, 'a', 't', '2022-12-01 12:39:51', '2022-12-01 12:39:51', NULL),
(33, 5, 'i', 't', '2022-12-01 12:39:51', '2022-12-01 12:39:51', NULL),
(34, 5, 'n', 'p', '2022-12-01 12:39:51', '2022-12-01 12:39:51', NULL),
(35, 5, 'k', 's', '2022-12-01 12:39:51', '2022-12-01 12:39:51', NULL),
(36, 5, 'a', ':', '2022-12-01 12:39:51', '2022-12-01 12:39:51', NULL),
(37, 5, 'n', '/', '2022-12-01 12:39:51', '2022-12-01 12:39:51', NULL),
(38, 5, ' ', '/', '2022-12-01 12:39:51', '2022-12-01 12:39:51', NULL),
(39, 5, 'K', 'i', '2022-12-01 12:39:51', '2022-12-01 12:39:51', NULL),
(40, 5, 'u', 'd', '2022-12-01 12:39:51', '2022-12-01 12:39:51', NULL),
(41, 5, 'n', '.', '2022-12-01 12:39:51', '2022-12-01 12:39:51', NULL),
(42, 5, 'c', 'w', '2022-12-01 12:39:51', '2022-12-01 12:39:51', NULL),
(43, 5, 'i', 'i', '2022-12-01 12:39:51', '2022-12-01 12:39:51', NULL),
(44, 5, ' ', 'k', '2022-12-01 12:39:51', '2022-12-01 12:39:51', NULL),
(45, 5, 'B', 'i', '2022-12-01 12:39:51', '2022-12-01 12:39:51', NULL),
(46, 5, 'a', 'h', '2022-12-01 12:39:51', '2022-12-01 12:39:51', NULL),
(47, 5, 't', 'o', '2022-12-01 12:39:51', '2022-12-01 12:39:51', NULL),
(48, 5, 'a', 'w', '2022-12-01 12:39:51', '2022-12-01 12:39:51', NULL),
(49, 5, 'n', '.', '2022-12-01 12:39:51', '2022-12-01 12:39:51', NULL),
(50, 5, 'g', 'c', '2022-12-01 12:39:51', '2022-12-01 12:39:51', NULL),
(51, 5, ' ', 'o', '2022-12-01 12:39:51', '2022-12-01 12:39:51', NULL),
(52, 5, 'T', 'm', '2022-12-01 12:39:51', '2022-12-01 12:39:51', NULL),
(53, 5, 'r', '/', '2022-12-01 12:39:51', '2022-12-01 12:39:51', NULL),
(54, 5, 'a', 'M', '2022-12-01 12:39:51', '2022-12-01 12:39:51', NULL),
(55, 5, 'd', 'e', '2022-12-01 12:39:51', '2022-12-01 12:39:51', NULL),
(56, 5, 'i', 'm', '2022-12-01 12:39:51', '2022-12-01 12:39:51', NULL),
(57, 5, 's', 'a', '2022-12-01 12:39:51', '2022-12-01 12:39:51', NULL),
(58, 5, 'i', 'h', '2022-12-01 12:39:51', '2022-12-01 12:39:51', NULL),
(59, 5, 'o', 'a', '2022-12-01 12:39:51', '2022-12-01 12:39:51', NULL),
(60, 5, 'n', 'm', '2022-12-01 12:39:51', '2022-12-01 12:39:51', NULL),
(61, 5, 'a', 'i', '2022-12-01 12:39:51', '2022-12-01 12:39:51', NULL),
(62, 5, 'l', '-', '2022-12-01 12:39:51', '2022-12-01 12:39:51', NULL),
(63, 5, '\"', 'D', '2022-12-01 12:39:51', '2022-12-01 12:39:51', NULL),
(64, 5, ',', 'a', '2022-12-01 12:39:51', '2022-12-01 12:39:51', NULL),
(65, 5, '\"', 's', '2022-12-01 12:39:51', '2022-12-01 12:39:51', NULL),
(66, 5, 'M', 'a', '2022-12-01 12:39:51', '2022-12-01 12:39:51', NULL),
(67, 5, 'e', 'r', '2022-12-01 12:39:51', '2022-12-01 12:39:51', NULL),
(68, 5, 'n', '-', '2022-12-01 12:39:51', '2022-12-01 12:39:51', NULL),
(69, 5, 'g', 'D', '2022-12-01 12:39:51', '2022-12-01 12:39:51', NULL),
(70, 5, 'g', 'a', '2022-12-01 12:39:51', '2022-12-01 12:39:51', NULL),
(71, 5, 'u', 's', '2022-12-01 12:39:51', '2022-12-01 12:39:51', NULL),
(72, 5, 'n', 'a', '2022-12-01 12:39:51', '2022-12-01 12:39:51', NULL),
(73, 5, 'a', 'r', '2022-12-01 12:39:51', '2022-12-01 12:39:51', NULL),
(74, 5, 'k', '-', '2022-12-01 12:39:51', '2022-12-01 12:39:51', NULL),
(75, 5, 'a', 'G', '2022-12-01 12:39:51', '2022-12-01 12:39:51', NULL),
(76, 5, 'n', 'i', '2022-12-01 12:39:51', '2022-12-01 12:39:51', NULL),
(77, 5, ' ', 't', '2022-12-01 12:39:51', '2022-12-01 12:39:51', NULL),
(78, 5, 'P', 'a', '2022-12-01 12:39:51', '2022-12-01 12:39:51', NULL),
(79, 5, 'e', 'r', '2022-12-01 12:39:51', '2022-12-01 12:39:51', NULL),
(80, 5, 'n', '-', '2022-12-01 12:39:51', '2022-12-01 12:39:51', NULL),
(81, 5, 'y', 'R', '2022-12-01 12:39:51', '2022-12-01 12:39:51', NULL),
(82, 5, 'e', 'i', '2022-12-01 12:39:51', '2022-12-01 12:39:51', NULL),
(83, 5, 't', 't', '2022-12-01 12:39:51', '2022-12-01 12:39:51', NULL),
(84, 5, 'e', 'm', '2022-12-01 12:39:51', '2022-12-01 12:39:51', NULL),
(85, 5, 'm', 'i', '2022-12-01 12:39:51', '2022-12-01 12:39:51', NULL),
(86, 5, 'a', 's', '2022-12-01 12:39:51', '2022-12-01 12:39:51', NULL),
(87, 5, 'n', '#', '2022-12-01 12:39:51', '2022-12-01 12:39:51', NULL),
(88, 5, ' ', '/', '2022-12-01 12:39:51', '2022-12-01 12:39:51', NULL),
(89, 5, 'C', 'B', '2022-12-01 12:39:51', '2022-12-01 12:39:51', NULL),
(90, 5, 'o', 'e', '2022-12-01 12:39:51', '2022-12-01 12:39:51', NULL),
(91, 5, 'm', 'r', '2022-12-01 12:39:51', '2022-12-01 12:39:51', NULL),
(92, 5, 'm', 'k', '2022-12-01 12:39:51', '2022-12-01 12:39:51', NULL),
(93, 5, 'o', 'a', '2022-12-01 12:39:51', '2022-12-01 12:39:51', NULL),
(94, 5, 'n', 's', '2022-12-01 12:39:51', '2022-12-01 12:39:51', NULL),
(95, 5, '-', ':', '2022-12-01 12:39:51', '2022-12-01 12:39:51', NULL),
(96, 5, 'D', 'U', '2022-12-01 12:39:51', '2022-12-01 12:39:51', NULL),
(97, 5, 'r', 'n', '2022-12-01 12:39:51', '2022-12-01 12:39:51', NULL),
(98, 5, 'o', 'd', '2022-12-01 12:39:51', '2022-12-01 12:39:51', NULL),
(99, 5, 'p', 'e', '2022-12-01 12:39:51', '2022-12-01 12:39:51', NULL),
(100, 5, '\"', 'r', '2022-12-01 12:39:51', '2022-12-01 12:39:51', NULL),
(101, 5, ',', 's', '2022-12-01 12:39:51', '2022-12-01 12:39:51', NULL),
(102, 5, '\"', 't', '2022-12-01 12:39:51', '2022-12-01 12:39:51', NULL),
(103, 5, 'M', 'a', '2022-12-01 12:39:51', '2022-12-01 12:39:51', NULL),
(104, 5, 'e', 'n', '2022-12-01 12:39:51', '2022-12-01 12:39:51', NULL),
(105, 5, 'n', 'd', '2022-12-01 12:39:51', '2022-12-01 12:39:51', NULL),
(106, 5, 'g', '-', '2022-12-01 12:39:51', '2022-12-01 12:39:51', NULL),
(107, 5, 'g', 'R', '2022-12-01 12:39:51', '2022-12-01 12:39:51', NULL),
(108, 5, 'u', 'h', '2022-12-01 12:39:51', '2022-12-01 12:39:51', NULL),
(109, 5, 'n', 'y', '2022-12-01 12:39:51', '2022-12-01 12:39:51', NULL),
(110, 5, 'a', 't', '2022-12-01 12:39:51', '2022-12-01 12:39:51', NULL),
(111, 5, 'k', 'h', '2022-12-01 12:39:51', '2022-12-01 12:39:51', NULL),
(112, 5, 'a', 'm', '2022-12-01 12:39:51', '2022-12-01 12:39:51', NULL),
(113, 5, 'n', '-', '2022-12-01 12:39:51', '2022-12-01 12:39:51', NULL),
(114, 5, ' ', 'G', '2022-12-01 12:39:51', '2022-12-01 12:39:51', NULL),
(115, 5, 'P', 'u', '2022-12-01 12:39:51', '2022-12-01 12:39:51', NULL),
(116, 5, 'e', 'i', '2022-12-01 12:39:51', '2022-12-01 12:39:51', NULL),
(117, 5, 'n', 't', '2022-12-01 12:39:51', '2022-12-01 12:39:51', NULL),
(118, 5, 'y', 'a', '2022-12-01 12:39:51', '2022-12-01 12:39:51', NULL),
(119, 5, 'e', 'r', '2022-12-01 12:39:51', '2022-12-01 12:39:51', NULL),
(120, 5, 't', '-', '2022-12-01 12:39:51', '2022-12-01 12:39:51', NULL),
(121, 5, 'e', 'B', '2022-12-01 12:39:51', '2022-12-01 12:39:51', NULL),
(122, 5, 'm', 'a', '2022-12-01 12:39:51', '2022-12-01 12:39:51', NULL),
(123, 5, 'a', 's', '2022-12-01 12:39:51', '2022-12-01 12:39:51', NULL),
(124, 5, 'n', 'i', '2022-12-01 12:39:51', '2022-12-01 12:39:51', NULL),
(125, 5, ' ', 'c', '2022-12-01 12:39:51', '2022-12-01 12:39:51', NULL),
(126, 5, 'E', 's', '2022-12-01 12:39:51', '2022-12-01 12:39:51', NULL),
(127, 5, 'A', '-', '2022-12-01 12:39:51', '2022-12-01 12:39:51', NULL),
(128, 5, 'D', 'S', '2022-12-01 12:39:51', '2022-12-01 12:39:51', NULL),
(129, 5, 'F', 't', '2022-12-01 12:39:51', '2022-12-01 12:39:51', NULL),
(130, 5, 'A', 'e', '2022-12-01 12:39:51', '2022-12-01 12:39:51', NULL),
(131, 5, 'D', 'p', '2022-12-01 12:39:51', '2022-12-01 12:39:51', NULL),
(132, 5, ' ', '-', '2022-12-01 12:39:51', '2022-12-01 12:39:51', NULL),
(133, 5, 'M', '1', '2022-12-01 12:39:51', '2022-12-01 12:39:51', NULL),
(134, 5, 'i', '-', '2022-12-01 12:39:51', '2022-12-01 12:39:51', NULL),
(135, 5, 'n', 'V', '2022-12-01 12:39:51', '2022-12-01 12:39:51', NULL),
(136, 5, 'o', 'e', '2022-12-01 12:39:51', '2022-12-01 12:39:51', NULL),
(137, 5, 'r', 'r', '2022-12-01 12:39:51', '2022-12-01 12:39:51', NULL),
(138, 5, '\"', 's', '2022-12-01 12:39:51', '2022-12-01 12:39:51', NULL),
(139, 5, ',', 'i', '2022-12-01 12:39:51', '2022-12-01 12:39:51', NULL),
(140, 5, '\"', 'o', '2022-12-01 12:39:51', '2022-12-01 12:39:51', NULL),
(141, 5, 'M', 'n', '2022-12-01 12:39:51', '2022-12-01 12:39:51', NULL),
(142, 5, 'e', '-', '2022-12-01 12:39:51', '2022-12-01 12:39:51', NULL),
(143, 5, 'n', '5', '2022-12-01 12:39:51', '2022-12-01 12:39:51', NULL),
(144, 5, 'a', '.', '2022-12-01 12:39:51', '2022-12-01 12:39:51', NULL),
(145, 5, 'h', 'j', '2022-12-01 12:39:51', '2022-12-01 12:39:51', NULL),
(146, 5, 'a', 'p', '2022-12-01 12:39:51', '2022-12-01 12:39:51', NULL),
(147, 5, 'n', 'g', '2022-12-01 12:39:51', '2022-12-01 12:39:51', NULL),
(148, 5, ' ', '&', '2022-12-01 12:39:51', '2022-12-01 12:39:51', NULL),
(149, 5, 'B', 'q', '2022-12-01 12:39:51', '2022-12-01 12:39:51', NULL),
(150, 5, 'u', 'u', '2022-12-01 12:39:51', '2022-12-01 12:39:51', NULL),
(151, 5, 'n', 'o', '2022-12-01 12:39:51', '2022-12-01 12:39:51', NULL),
(152, 5, 'y', 't', '2022-12-01 12:39:51', '2022-12-01 12:39:51', NULL),
(153, 5, 'i', ';', '2022-12-01 12:39:51', '2022-12-01 12:39:51', NULL),
(154, 5, ' ', '&', '2022-12-01 12:39:51', '2022-12-01 12:39:51', NULL),
(155, 5, 'S', 'g', '2022-12-01 12:39:51', '2022-12-01 12:39:51', NULL),
(156, 5, 'e', 't', '2022-12-01 12:39:51', '2022-12-01 12:39:51', NULL),
(157, 5, 'n', ';', '2022-12-01 12:39:51', '2022-12-01 12:39:51', NULL),
(158, 5, 'a', '&', '2022-12-01 12:39:51', '2022-12-01 12:39:51', NULL),
(159, 5, 'r', 'l', '2022-12-01 12:39:51', '2022-12-01 12:39:51', NULL),
(160, 5, ' ', 't', '2022-12-01 12:39:51', '2022-12-01 12:39:51', NULL),
(161, 5, 'd', ';', '2022-12-01 12:39:51', '2022-12-01 12:39:51', NULL),
(162, 5, 'e', 'i', '2022-12-01 12:39:51', '2022-12-01 12:39:51', NULL),
(163, 5, 'n', 'm', '2022-12-01 12:39:51', '2022-12-01 12:39:51', NULL),
(164, 5, 'g', 'g', '2022-12-01 12:39:51', '2022-12-01 12:39:51', NULL),
(165, 5, 'a', ' ', '2022-12-01 12:39:51', '2022-12-01 12:39:51', NULL),
(166, 5, 'n', 'a', '2022-12-01 12:39:51', '2022-12-01 12:39:51', NULL),
(167, 5, ' ', 'l', '2022-12-01 12:39:51', '2022-12-01 12:39:51', NULL),
(168, 5, 'T', 't', '2022-12-01 12:39:51', '2022-12-01 12:39:51', NULL),
(169, 5, 'e', '=', '2022-12-01 12:39:51', '2022-12-01 12:39:51', NULL),
(170, 5, 'l', '&', '2022-12-01 12:39:51', '2022-12-01 12:39:51', NULL),
(171, 5, 'a', 'q', '2022-12-01 12:39:51', '2022-12-01 12:39:51', NULL),
(172, 5, 'p', 'u', '2022-12-01 12:39:51', '2022-12-01 12:39:51', NULL),
(173, 5, 'a', 'o', '2022-12-01 12:39:51', '2022-12-01 12:39:51', NULL),
(174, 5, 'k', 't', '2022-12-01 12:39:52', '2022-12-01 12:39:52', NULL),
(175, 5, ' ', ';', '2022-12-01 12:39:52', '2022-12-01 12:39:52', NULL),
(176, 5, 'T', 'G', '2022-12-01 12:39:52', '2022-12-01 12:39:52', NULL),
(177, 5, 'a', 'a', '2022-12-01 12:39:52', '2022-12-01 12:39:52', NULL),
(178, 5, 'n', 'm', '2022-12-01 12:39:52', '2022-12-01 12:39:52', NULL),
(179, 5, 'g', 'b', '2022-12-01 12:39:52', '2022-12-01 12:39:52', NULL),
(180, 5, 'a', 'a', '2022-12-01 12:39:52', '2022-12-01 12:39:52', NULL),
(181, 5, 'n', 'r', '2022-12-01 12:39:52', '2022-12-01 12:39:52', NULL),
(182, 5, '\"', ' ', '2022-12-01 12:39:52', '2022-12-01 12:39:52', NULL),
(183, 5, ']', 'b', '2022-12-01 12:39:52', '2022-12-01 12:39:52', NULL),
(184, 5, ',', 'e', '2022-12-01 12:39:52', '2022-12-01 12:39:52', NULL),
(185, 6, '[', '[', '2022-12-01 12:50:29', '2022-12-01 12:50:29', NULL),
(186, 6, '\"', '\"', '2022-12-01 12:50:29', '2022-12-01 12:50:29', NULL),
(187, 6, 'M', '&', '2022-12-01 12:50:29', '2022-12-01 12:50:29', NULL),
(188, 6, 'e', 'l', '2022-12-01 12:50:29', '2022-12-01 12:50:29', NULL),
(189, 6, 'm', 't', '2022-12-01 12:50:29', '2022-12-01 12:50:29', NULL),
(190, 6, 'a', ';', '2022-12-01 12:50:29', '2022-12-01 12:50:29', NULL),
(191, 6, 'i', 'p', '2022-12-01 12:50:29', '2022-12-01 12:50:29', NULL),
(192, 6, 'n', '&', '2022-12-01 12:50:29', '2022-12-01 12:50:29', NULL),
(193, 6, 'k', 'g', '2022-12-01 12:50:29', '2022-12-01 12:50:29', NULL),
(194, 6, 'a', 't', '2022-12-01 12:50:29', '2022-12-01 12:50:29', NULL),
(195, 6, 'n', ';', '2022-12-01 12:50:29', '2022-12-01 12:50:29', NULL),
(196, 6, ' ', '&', '2022-12-01 12:50:29', '2022-12-01 12:50:29', NULL),
(197, 6, 'P', 'l', '2022-12-01 12:50:29', '2022-12-01 12:50:29', NULL),
(198, 6, 'o', 't', '2022-12-01 12:50:29', '2022-12-01 12:50:29', NULL),
(199, 6, 'w', ';', '2022-12-01 12:50:29', '2022-12-01 12:50:29', NULL),
(200, 6, 'e', 'a', '2022-12-01 12:50:29', '2022-12-01 12:50:29', NULL),
(201, 6, 'r', ' ', '2022-12-01 12:50:29', '2022-12-01 12:50:29', NULL),
(202, 6, ' ', 'h', '2022-12-01 12:50:29', '2022-12-01 12:50:29', NULL),
(203, 6, 'C', 'r', '2022-12-01 12:50:29', '2022-12-01 12:50:29', NULL),
(204, 6, 'h', 'e', '2022-12-01 12:50:29', '2022-12-01 12:50:29', NULL),
(205, 6, 'o', 'f', '2022-12-01 12:50:29', '2022-12-01 12:50:29', NULL),
(206, 6, 'r', '=', '2022-12-01 12:50:29', '2022-12-01 12:50:29', NULL),
(207, 6, 'd', '&', '2022-12-01 12:50:29', '2022-12-01 12:50:29', NULL),
(208, 6, '\"', 'q', '2022-12-01 12:50:29', '2022-12-01 12:50:29', NULL),
(209, 6, ',', 'u', '2022-12-01 12:50:29', '2022-12-01 12:50:29', NULL),
(210, 6, '\"', 'o', '2022-12-01 12:50:29', '2022-12-01 12:50:29', NULL),
(211, 6, 'M', 't', '2022-12-01 12:50:29', '2022-12-01 12:50:29', NULL),
(212, 6, 'e', ';', '2022-12-01 12:50:29', '2022-12-01 12:50:29', NULL),
(213, 6, 'm', 'h', '2022-12-01 12:50:29', '2022-12-01 12:50:29', NULL),
(214, 6, 'a', 't', '2022-12-01 12:50:29', '2022-12-01 12:50:29', NULL),
(215, 6, 'i', 't', '2022-12-01 12:50:29', '2022-12-01 12:50:29', NULL),
(216, 6, 'n', 'p', '2022-12-01 12:50:29', '2022-12-01 12:50:29', NULL),
(217, 6, 'k', 's', '2022-12-01 12:50:29', '2022-12-01 12:50:29', NULL),
(218, 6, 'a', ':', '2022-12-01 12:50:29', '2022-12-01 12:50:29', NULL),
(219, 6, 'n', '/', '2022-12-01 12:50:29', '2022-12-01 12:50:29', NULL),
(220, 6, ' ', '/', '2022-12-01 12:50:29', '2022-12-01 12:50:29', NULL),
(221, 6, 'K', 'i', '2022-12-01 12:50:29', '2022-12-01 12:50:29', NULL),
(222, 6, 'u', 'd', '2022-12-01 12:50:29', '2022-12-01 12:50:29', NULL),
(223, 6, 'n', '.', '2022-12-01 12:50:29', '2022-12-01 12:50:29', NULL),
(224, 6, 'c', 'w', '2022-12-01 12:50:29', '2022-12-01 12:50:29', NULL),
(225, 6, 'i', 'i', '2022-12-01 12:50:29', '2022-12-01 12:50:29', NULL),
(226, 6, ' ', 'k', '2022-12-01 12:50:29', '2022-12-01 12:50:29', NULL),
(227, 6, 'B', 'i', '2022-12-01 12:50:29', '2022-12-01 12:50:29', NULL),
(228, 6, 'a', 'h', '2022-12-01 12:50:29', '2022-12-01 12:50:29', NULL),
(229, 6, 't', 'o', '2022-12-01 12:50:29', '2022-12-01 12:50:29', NULL),
(230, 6, 'a', 'w', '2022-12-01 12:50:29', '2022-12-01 12:50:29', NULL),
(231, 6, 'n', '.', '2022-12-01 12:50:29', '2022-12-01 12:50:29', NULL),
(232, 6, 'g', 'c', '2022-12-01 12:50:29', '2022-12-01 12:50:29', NULL),
(233, 6, ' ', 'o', '2022-12-01 12:50:29', '2022-12-01 12:50:29', NULL),
(234, 6, 'T', 'm', '2022-12-01 12:50:29', '2022-12-01 12:50:29', NULL),
(235, 6, 'r', '/', '2022-12-01 12:50:29', '2022-12-01 12:50:29', NULL),
(236, 6, 'a', 'M', '2022-12-01 12:50:29', '2022-12-01 12:50:29', NULL),
(237, 6, 'd', 'e', '2022-12-01 12:50:29', '2022-12-01 12:50:29', NULL),
(238, 6, 'i', 'm', '2022-12-01 12:50:29', '2022-12-01 12:50:29', NULL),
(239, 6, 's', 'a', '2022-12-01 12:50:29', '2022-12-01 12:50:29', NULL),
(240, 6, 'i', 'h', '2022-12-01 12:50:29', '2022-12-01 12:50:29', NULL),
(241, 6, 'o', 'a', '2022-12-01 12:50:29', '2022-12-01 12:50:29', NULL),
(242, 6, 'n', 'm', '2022-12-01 12:50:29', '2022-12-01 12:50:29', NULL),
(243, 6, 'a', 'i', '2022-12-01 12:50:29', '2022-12-01 12:50:29', NULL),
(244, 6, 'l', '-', '2022-12-01 12:50:29', '2022-12-01 12:50:29', NULL),
(245, 6, '\"', 'D', '2022-12-01 12:50:29', '2022-12-01 12:50:29', NULL),
(246, 6, ',', 'a', '2022-12-01 12:50:29', '2022-12-01 12:50:29', NULL),
(247, 6, '\"', 's', '2022-12-01 12:50:29', '2022-12-01 12:50:29', NULL),
(248, 6, 'M', 'a', '2022-12-01 12:50:29', '2022-12-01 12:50:29', NULL),
(249, 6, 'e', 'r', '2022-12-01 12:50:29', '2022-12-01 12:50:29', NULL),
(250, 6, 'n', '-', '2022-12-01 12:50:29', '2022-12-01 12:50:29', NULL),
(251, 6, 'g', 'D', '2022-12-01 12:50:29', '2022-12-01 12:50:29', NULL),
(252, 6, 'g', 'a', '2022-12-01 12:50:29', '2022-12-01 12:50:29', NULL),
(253, 6, 'u', 's', '2022-12-01 12:50:29', '2022-12-01 12:50:29', NULL),
(254, 6, 'n', 'a', '2022-12-01 12:50:29', '2022-12-01 12:50:29', NULL),
(255, 6, 'a', 'r', '2022-12-01 12:50:29', '2022-12-01 12:50:29', NULL),
(256, 6, 'k', '-', '2022-12-01 12:50:29', '2022-12-01 12:50:29', NULL),
(257, 6, 'a', 'G', '2022-12-01 12:50:29', '2022-12-01 12:50:29', NULL),
(258, 6, 'n', 'i', '2022-12-01 12:50:29', '2022-12-01 12:50:29', NULL),
(259, 6, ' ', 't', '2022-12-01 12:50:29', '2022-12-01 12:50:29', NULL),
(260, 6, 'P', 'a', '2022-12-01 12:50:29', '2022-12-01 12:50:29', NULL),
(261, 6, 'e', 'r', '2022-12-01 12:50:29', '2022-12-01 12:50:29', NULL),
(262, 6, 'n', '-', '2022-12-01 12:50:29', '2022-12-01 12:50:29', NULL),
(263, 6, 'y', 'R', '2022-12-01 12:50:29', '2022-12-01 12:50:29', NULL),
(264, 6, 'e', 'i', '2022-12-01 12:50:29', '2022-12-01 12:50:29', NULL),
(265, 6, 't', 't', '2022-12-01 12:50:29', '2022-12-01 12:50:29', NULL),
(266, 6, 'e', 'm', '2022-12-01 12:50:29', '2022-12-01 12:50:29', NULL),
(267, 6, 'm', 'i', '2022-12-01 12:50:29', '2022-12-01 12:50:29', NULL),
(268, 6, 'a', 's', '2022-12-01 12:50:29', '2022-12-01 12:50:29', NULL),
(269, 6, 'n', '#', '2022-12-01 12:50:29', '2022-12-01 12:50:29', NULL),
(270, 6, ' ', '/', '2022-12-01 12:50:29', '2022-12-01 12:50:29', NULL),
(271, 6, 'C', 'B', '2022-12-01 12:50:29', '2022-12-01 12:50:29', NULL),
(272, 6, 'o', 'e', '2022-12-01 12:50:29', '2022-12-01 12:50:29', NULL),
(273, 6, 'm', 'r', '2022-12-01 12:50:29', '2022-12-01 12:50:29', NULL),
(274, 6, 'm', 'k', '2022-12-01 12:50:29', '2022-12-01 12:50:29', NULL),
(275, 6, 'o', 'a', '2022-12-01 12:50:29', '2022-12-01 12:50:29', NULL),
(276, 6, 'n', 's', '2022-12-01 12:50:29', '2022-12-01 12:50:29', NULL),
(277, 6, '-', ':', '2022-12-01 12:50:29', '2022-12-01 12:50:29', NULL),
(278, 6, 'D', 'U', '2022-12-01 12:50:29', '2022-12-01 12:50:29', NULL),
(279, 6, 'r', 'n', '2022-12-01 12:50:30', '2022-12-01 12:50:30', NULL),
(280, 6, 'o', 'd', '2022-12-01 12:50:30', '2022-12-01 12:50:30', NULL),
(281, 6, 'p', 'e', '2022-12-01 12:50:30', '2022-12-01 12:50:30', NULL),
(282, 6, '\"', 'r', '2022-12-01 12:50:30', '2022-12-01 12:50:30', NULL),
(283, 6, ',', 's', '2022-12-01 12:50:30', '2022-12-01 12:50:30', NULL),
(284, 6, '\"', 't', '2022-12-01 12:50:30', '2022-12-01 12:50:30', NULL),
(285, 6, 'M', 'a', '2022-12-01 12:50:30', '2022-12-01 12:50:30', NULL),
(286, 6, 'e', 'n', '2022-12-01 12:50:30', '2022-12-01 12:50:30', NULL),
(287, 6, 'n', 'd', '2022-12-01 12:50:30', '2022-12-01 12:50:30', NULL),
(288, 6, 'g', '-', '2022-12-01 12:50:30', '2022-12-01 12:50:30', NULL),
(289, 6, 'g', 'R', '2022-12-01 12:50:30', '2022-12-01 12:50:30', NULL),
(290, 6, 'u', 'h', '2022-12-01 12:50:30', '2022-12-01 12:50:30', NULL),
(291, 6, 'n', 'y', '2022-12-01 12:50:30', '2022-12-01 12:50:30', NULL),
(292, 6, 'a', 't', '2022-12-01 12:50:30', '2022-12-01 12:50:30', NULL),
(293, 6, 'k', 'h', '2022-12-01 12:50:30', '2022-12-01 12:50:30', NULL),
(294, 6, 'a', 'm', '2022-12-01 12:50:30', '2022-12-01 12:50:30', NULL),
(295, 6, 'n', '-', '2022-12-01 12:50:30', '2022-12-01 12:50:30', NULL),
(296, 6, ' ', 'G', '2022-12-01 12:50:30', '2022-12-01 12:50:30', NULL),
(297, 6, 'P', 'u', '2022-12-01 12:50:30', '2022-12-01 12:50:30', NULL),
(298, 6, 'e', 'i', '2022-12-01 12:50:30', '2022-12-01 12:50:30', NULL),
(299, 6, 'n', 't', '2022-12-01 12:50:30', '2022-12-01 12:50:30', NULL),
(300, 6, 'y', 'a', '2022-12-01 12:50:30', '2022-12-01 12:50:30', NULL),
(301, 6, 'e', 'r', '2022-12-01 12:50:30', '2022-12-01 12:50:30', NULL),
(302, 6, 't', '-', '2022-12-01 12:50:30', '2022-12-01 12:50:30', NULL),
(303, 6, 'e', 'B', '2022-12-01 12:50:30', '2022-12-01 12:50:30', NULL),
(304, 6, 'm', 'a', '2022-12-01 12:50:30', '2022-12-01 12:50:30', NULL),
(305, 6, 'a', 's', '2022-12-01 12:50:30', '2022-12-01 12:50:30', NULL),
(306, 6, 'n', 'i', '2022-12-01 12:50:30', '2022-12-01 12:50:30', NULL),
(307, 6, ' ', 'c', '2022-12-01 12:50:30', '2022-12-01 12:50:30', NULL),
(308, 6, 'E', 's', '2022-12-01 12:50:30', '2022-12-01 12:50:30', NULL),
(309, 6, 'A', '-', '2022-12-01 12:50:30', '2022-12-01 12:50:30', NULL),
(310, 6, 'D', 'S', '2022-12-01 12:50:30', '2022-12-01 12:50:30', NULL),
(311, 6, 'F', 't', '2022-12-01 12:50:30', '2022-12-01 12:50:30', NULL),
(312, 6, 'A', 'e', '2022-12-01 12:50:30', '2022-12-01 12:50:30', NULL),
(313, 6, 'D', 'p', '2022-12-01 12:50:30', '2022-12-01 12:50:30', NULL),
(314, 6, ' ', '-', '2022-12-01 12:50:30', '2022-12-01 12:50:30', NULL),
(315, 6, 'M', '1', '2022-12-01 12:50:30', '2022-12-01 12:50:30', NULL),
(316, 6, 'i', '-', '2022-12-01 12:50:30', '2022-12-01 12:50:30', NULL),
(317, 6, 'n', 'V', '2022-12-01 12:50:30', '2022-12-01 12:50:30', NULL),
(318, 6, 'o', 'e', '2022-12-01 12:50:30', '2022-12-01 12:50:30', NULL),
(319, 6, 'r', 'r', '2022-12-01 12:50:30', '2022-12-01 12:50:30', NULL),
(320, 6, '\"', 's', '2022-12-01 12:50:30', '2022-12-01 12:50:30', NULL),
(321, 6, ',', 'i', '2022-12-01 12:50:30', '2022-12-01 12:50:30', NULL),
(322, 6, '\"', 'o', '2022-12-01 12:50:30', '2022-12-01 12:50:30', NULL),
(323, 6, 'M', 'n', '2022-12-01 12:50:30', '2022-12-01 12:50:30', NULL),
(324, 6, 'e', '-', '2022-12-01 12:50:30', '2022-12-01 12:50:30', NULL),
(325, 6, 'n', '5', '2022-12-01 12:50:30', '2022-12-01 12:50:30', NULL),
(326, 6, 'a', '.', '2022-12-01 12:50:30', '2022-12-01 12:50:30', NULL),
(327, 6, 'h', 'j', '2022-12-01 12:50:30', '2022-12-01 12:50:30', NULL),
(328, 6, 'a', 'p', '2022-12-01 12:50:30', '2022-12-01 12:50:30', NULL),
(329, 6, 'n', 'g', '2022-12-01 12:50:30', '2022-12-01 12:50:30', NULL),
(330, 6, ' ', '&', '2022-12-01 12:50:30', '2022-12-01 12:50:30', NULL),
(331, 6, 'B', 'q', '2022-12-01 12:50:30', '2022-12-01 12:50:30', NULL),
(332, 6, 'u', 'u', '2022-12-01 12:50:30', '2022-12-01 12:50:30', NULL),
(333, 6, 'n', 'o', '2022-12-01 12:50:30', '2022-12-01 12:50:30', NULL),
(334, 6, 'y', 't', '2022-12-01 12:50:30', '2022-12-01 12:50:30', NULL),
(335, 6, 'i', ';', '2022-12-01 12:50:30', '2022-12-01 12:50:30', NULL),
(336, 6, ' ', '&', '2022-12-01 12:50:30', '2022-12-01 12:50:30', NULL),
(337, 6, 'S', 'g', '2022-12-01 12:50:30', '2022-12-01 12:50:30', NULL),
(338, 6, 'e', 't', '2022-12-01 12:50:30', '2022-12-01 12:50:30', NULL),
(339, 6, 'n', ';', '2022-12-01 12:50:30', '2022-12-01 12:50:30', NULL),
(340, 6, 'a', '&', '2022-12-01 12:50:30', '2022-12-01 12:50:30', NULL),
(341, 6, 'r', 'l', '2022-12-01 12:50:30', '2022-12-01 12:50:30', NULL),
(342, 6, ' ', 't', '2022-12-01 12:50:30', '2022-12-01 12:50:30', NULL),
(343, 6, 'd', ';', '2022-12-01 12:50:30', '2022-12-01 12:50:30', NULL),
(344, 6, 'e', 'i', '2022-12-01 12:50:30', '2022-12-01 12:50:30', NULL),
(345, 6, 'n', 'm', '2022-12-01 12:50:30', '2022-12-01 12:50:30', NULL),
(346, 6, 'g', 'g', '2022-12-01 12:50:30', '2022-12-01 12:50:30', NULL),
(347, 6, 'a', ' ', '2022-12-01 12:50:30', '2022-12-01 12:50:30', NULL),
(348, 6, 'n', 'a', '2022-12-01 12:50:30', '2022-12-01 12:50:30', NULL),
(349, 6, ' ', 'l', '2022-12-01 12:50:30', '2022-12-01 12:50:30', NULL),
(350, 6, 'T', 't', '2022-12-01 12:50:30', '2022-12-01 12:50:30', NULL),
(351, 6, 'e', '=', '2022-12-01 12:50:30', '2022-12-01 12:50:30', NULL),
(352, 6, 'l', '&', '2022-12-01 12:50:30', '2022-12-01 12:50:30', NULL),
(353, 6, 'a', 'q', '2022-12-01 12:50:30', '2022-12-01 12:50:30', NULL),
(354, 6, 'p', 'u', '2022-12-01 12:50:30', '2022-12-01 12:50:30', NULL),
(355, 6, 'a', 'o', '2022-12-01 12:50:30', '2022-12-01 12:50:30', NULL),
(356, 6, 'k', 't', '2022-12-01 12:50:30', '2022-12-01 12:50:30', NULL),
(357, 6, ' ', ';', '2022-12-01 12:50:30', '2022-12-01 12:50:30', NULL),
(358, 6, 'T', 'G', '2022-12-01 12:50:30', '2022-12-01 12:50:30', NULL),
(359, 6, 'a', 'a', '2022-12-01 12:50:30', '2022-12-01 12:50:30', NULL),
(360, 6, 'n', 'm', '2022-12-01 12:50:30', '2022-12-01 12:50:30', NULL),
(361, 6, 'g', 'b', '2022-12-01 12:50:30', '2022-12-01 12:50:30', NULL),
(362, 6, 'a', 'a', '2022-12-01 12:50:30', '2022-12-01 12:50:30', NULL),
(363, 6, 'n', 'r', '2022-12-01 12:50:30', '2022-12-01 12:50:30', NULL),
(364, 6, '\"', ' ', '2022-12-01 12:50:30', '2022-12-01 12:50:30', NULL),
(365, 6, ']', 'b', '2022-12-01 12:50:30', '2022-12-01 12:50:30', NULL),
(366, 6, ',', 'e', '2022-12-01 12:50:30', '2022-12-01 12:50:30', NULL);

-- --------------------------------------------------------

--
-- Struktur dari tabel `daerah`
--

CREATE TABLE `daerah` (
  `id` int(11) NOT NULL,
  `nama` varchar(255) DEFAULT NULL,
  `thumbnail` text DEFAULT NULL,
  `descripsi` text DEFAULT NULL,
  `image` text DEFAULT NULL,
  `url` varchar(255) DEFAULT NULL,
  `createdAt` datetime NOT NULL,
  `updatedAt` datetime NOT NULL,
  `deletedAt` datetime DEFAULT NULL
) ENGINE=InnoDB DEFAULT CHARSET=utf8mb4;

--
-- Dumping data untuk tabel `daerah`
--

INSERT INTO `daerah` (`id`, `nama`, `thumbnail`, `descripsi`, `image`, `url`, `createdAt`, `updatedAt`, `deletedAt`) VALUES
(1, 'namas', 'thumbnail', NULL, 'image', 'namas', '2022-12-01 09:02:42', '2022-12-01 09:02:42', '2022-12-01 09:07:14'),
(2, ' \"namas2\",', ' \"thumbnail2\",', ' thumbnail22,', ' \"image\"', 'namas', '2022-12-01 09:04:07', '2022-12-01 09:06:34', NULL);

-- --------------------------------------------------------

--
-- Struktur dari tabel `kategori`
--

CREATE TABLE `kategori` (
  `id` int(11) NOT NULL,
  `nama` varchar(255) DEFAULT NULL,
  `gambar` varchar(255) DEFAULT NULL,
  `deskripsi` text DEFAULT NULL,
  `url` varchar(255) DEFAULT NULL,
  `createdAt` datetime DEFAULT NULL,
  `updatedAt` datetime DEFAULT NULL,
  `deletedAt` datetime DEFAULT NULL
) ENGINE=InnoDB DEFAULT CHARSET=utf8mb4;

--
-- Dumping data untuk tabel `kategori`
--

INSERT INTO `kategori` (`id`, `nama`, `gambar`, `deskripsi`, `url`, `createdAt`, `updatedAt`, `deletedAt`) VALUES
(1, 'Seni Rupa', 'https://i.ibb.co/HB6F66x/Rectangle-1274.png', NULL, 'seni-rupa', '2022-11-30 04:50:09', '2022-11-30 04:50:09', NULL),
(2, 'Seni Tari', 'https://i.ibb.co/8shkccZ/Rectangle-1273.png', NULL, 'seni-tari', '2022-11-30 04:50:09', '2022-11-30 04:50:09', NULL),
(3, 'Seni Sastra', 'https://i.ibb.co/DLkpRGp/Rectangle-1274.png', NULL, 'seni-sastra', '2022-11-30 04:50:09', '2022-11-30 04:50:09', NULL),
(4, 'Seni Musik', 'https://i.ibb.co/1qg8Bpm/Rectangle-1274.png', NULL, 'seni-musik', '2022-11-30 04:50:09', '2022-11-30 04:50:09', NULL),
(5, 'Seni Pertujukan', 'https://i.ibb.co/rfhLtpY/Rectangle-1274.png', NULL, 'seni-pertunjukan', '2022-11-30 04:50:09', '2022-11-30 04:50:09', NULL),
(6, 'nama22', 'gamar', 'deskirps', 'tessasda', '2022-11-30 07:24:20', '2022-11-30 07:37:07', NULL);

-- --------------------------------------------------------

--
-- Struktur dari tabel `sequelizemeta`
--

CREATE TABLE `sequelizemeta` (
  `name` varchar(255) COLLATE utf8_unicode_ci NOT NULL
) ENGINE=InnoDB DEFAULT CHARSET=utf8 COLLATE=utf8_unicode_ci;

--
-- Dumping data untuk tabel `sequelizemeta`
--

INSERT INTO `sequelizemeta` (`name`) VALUES
('20221124024126-create-users.js'),
('20221125083938-create-kategori.js'),
('20221125142739-create-sub-kategori.js'),
('20221125144023-create-course.js'),
('20221128032936-create-course-section.js'),
('20221128033052-create-content-course.js'),
('20221201054930-create-daerah.js');

-- --------------------------------------------------------

--
-- Struktur dari tabel `sub_kategori`
--

CREATE TABLE `sub_kategori` (
  `id` int(11) NOT NULL,
  `id_kategori` int(11) DEFAULT NULL,
  `nama` varchar(255) DEFAULT NULL,
  `gambar` text DEFAULT NULL,
  `deskripsi` text DEFAULT NULL,
  `url` varchar(255) DEFAULT NULL,
  `createdAt` datetime DEFAULT NULL,
  `updatedAt` datetime DEFAULT NULL,
  `deletedAt` datetime DEFAULT NULL
) ENGINE=InnoDB DEFAULT CHARSET=utf8mb4;

--
-- Dumping data untuk tabel `sub_kategori`
--

INSERT INTO `sub_kategori` (`id`, `id_kategori`, `nama`, `gambar`, `deskripsi`, `url`, `createdAt`, `updatedAt`, `deletedAt`) VALUES
(1, 4, 'gitar', 'asdadada', 'asdadadad', 'gitar', '2022-11-30 14:52:20', '2022-11-30 00:00:00', NULL),
(2, 4, 'biola', 'asdada', 'asdadad', 'biola', '2022-11-30 00:00:00', '2022-11-30 14:52:41', NULL);

-- --------------------------------------------------------

--
-- Struktur dari tabel `users`
--

CREATE TABLE `users` (
  `id` int(11) NOT NULL,
  `fullname` varchar(255) DEFAULT NULL,
  `email` varchar(255) DEFAULT NULL,
  `password` varchar(255) DEFAULT NULL,
  `tgl_lahir` varchar(255) DEFAULT NULL,
  `alamat` text DEFAULT NULL,
  `bio` text DEFAULT NULL,
  `jenis_kelamin` enum('perempuan','laki-laki') DEFAULT NULL,
  `image` varchar(255) DEFAULT NULL,
  `role` enum('admin','user') DEFAULT NULL,
  `createdAt` datetime DEFAULT NULL,
  `updatedAt` datetime DEFAULT NULL,
  `deletedAt` datetime DEFAULT NULL
) ENGINE=InnoDB DEFAULT CHARSET=utf8mb4;

--
-- Dumping data untuk tabel `users`
--

INSERT INTO `users` (`id`, `fullname`, `email`, `password`, `tgl_lahir`, `alamat`, `bio`, `jenis_kelamin`, `image`, `role`, `createdAt`, `updatedAt`, `deletedAt`) VALUES
(1, 'Super Admin', 'admin@gmail.com', '$2b$10$B8QHVf856HajEMl7OkAMNuCc6FAGTpVmp8i522mB5aBJdkySK4sma', NULL, NULL, NULL, NULL, NULL, 'admin', '2022-11-30 04:50:09', '2022-11-30 04:50:09', NULL);

--
-- Indexes for dumped tables
--

--
-- Indeks untuk tabel `content_course`
--
ALTER TABLE `content_course`
  ADD PRIMARY KEY (`id`),
  ADD KEY `id_course_section` (`id_course_section`);

--
-- Indeks untuk tabel `course`
--
ALTER TABLE `course`
  ADD PRIMARY KEY (`id`),
  ADD KEY `id_kategori` (`id_kategori`),
  ADD KEY `id_sub_kategori` (`id_sub_kategori`);

--
-- Indeks untuk tabel `course_section`
--
ALTER TABLE `course_section`
  ADD PRIMARY KEY (`id`),
  ADD KEY `id_course` (`id_course`);

--
-- Indeks untuk tabel `daerah`
--
ALTER TABLE `daerah`
  ADD PRIMARY KEY (`id`);

--
-- Indeks untuk tabel `kategori`
--
ALTER TABLE `kategori`
  ADD PRIMARY KEY (`id`);

--
-- Indeks untuk tabel `sequelizemeta`
--
ALTER TABLE `sequelizemeta`
  ADD PRIMARY KEY (`name`),
  ADD UNIQUE KEY `name` (`name`);

--
-- Indeks untuk tabel `sub_kategori`
--
ALTER TABLE `sub_kategori`
  ADD PRIMARY KEY (`id`),
  ADD KEY `id_kategori` (`id_kategori`);

--
-- Indeks untuk tabel `users`
--
ALTER TABLE `users`
  ADD PRIMARY KEY (`id`);

--
-- AUTO_INCREMENT untuk tabel yang dibuang
--

--
-- AUTO_INCREMENT untuk tabel `content_course`
--
ALTER TABLE `content_course`
  MODIFY `id` int(11) NOT NULL AUTO_INCREMENT, AUTO_INCREMENT=367;

--
-- AUTO_INCREMENT untuk tabel `course`
--
ALTER TABLE `course`
  MODIFY `id` int(11) NOT NULL AUTO_INCREMENT, AUTO_INCREMENT=7;

--
-- AUTO_INCREMENT untuk tabel `course_section`
--
ALTER TABLE `course_section`
  MODIFY `id` int(11) NOT NULL AUTO_INCREMENT, AUTO_INCREMENT=367;

--
-- AUTO_INCREMENT untuk tabel `daerah`
--
ALTER TABLE `daerah`
  MODIFY `id` int(11) NOT NULL AUTO_INCREMENT, AUTO_INCREMENT=3;

--
-- AUTO_INCREMENT untuk tabel `kategori`
--
ALTER TABLE `kategori`
  MODIFY `id` int(11) NOT NULL AUTO_INCREMENT, AUTO_INCREMENT=7;

--
-- AUTO_INCREMENT untuk tabel `sub_kategori`
--
ALTER TABLE `sub_kategori`
  MODIFY `id` int(11) NOT NULL AUTO_INCREMENT, AUTO_INCREMENT=3;

--
-- AUTO_INCREMENT untuk tabel `users`
--
ALTER TABLE `users`
  MODIFY `id` int(11) NOT NULL AUTO_INCREMENT, AUTO_INCREMENT=2;

--
-- Ketidakleluasaan untuk tabel pelimpahan (Dumped Tables)
--

--
-- Ketidakleluasaan untuk tabel `content_course`
--
ALTER TABLE `content_course`
  ADD CONSTRAINT `content_course_ibfk_1` FOREIGN KEY (`id_course_section`) REFERENCES `course_section` (`id`);

--
-- Ketidakleluasaan untuk tabel `course`
--
ALTER TABLE `course`
  ADD CONSTRAINT `course_ibfk_1` FOREIGN KEY (`id_kategori`) REFERENCES `kategori` (`id`),
  ADD CONSTRAINT `course_ibfk_2` FOREIGN KEY (`id_sub_kategori`) REFERENCES `sub_kategori` (`id`);

--
-- Ketidakleluasaan untuk tabel `course_section`
--
ALTER TABLE `course_section`
  ADD CONSTRAINT `course_section_ibfk_1` FOREIGN KEY (`id_course`) REFERENCES `course` (`id`);

--
-- Ketidakleluasaan untuk tabel `sub_kategori`
--
ALTER TABLE `sub_kategori`
  ADD CONSTRAINT `sub_kategori_ibfk_1` FOREIGN KEY (`id_kategori`) REFERENCES `kategori` (`id`);
COMMIT;

/*!40101 SET CHARACTER_SET_CLIENT=@OLD_CHARACTER_SET_CLIENT */;
/*!40101 SET CHARACTER_SET_RESULTS=@OLD_CHARACTER_SET_RESULTS */;
/*!40101 SET COLLATION_CONNECTION=@OLD_COLLATION_CONNECTION */;
